Epret,Eplen,LossPi,Epsilon,TestEpRet,TestEpLen,Epoch,Total_Steps
0.0,33,0.002623248379677534,0.25,0.0,30,1,3999
1.0,70,0.010891604237258434,0.16666666666666666,0.0,28,2,7999
0.0,30,0.004651776514947414,0.125,0.0,29,3,11999
2.0,153,0.015932729467749596,0.1,0.0,32,4,15999
1.0,66,0.005794175434857607,0.08333333333333333,1.0,74,5,19999
0.0,31,0.008631503209471703,0.07142857142857142,0.0,33,6,23999
0.0,34,0.013952238485217094,0.0625,0.0,29,7,27999
0.0,33,0.01009039394557476,0.05555555555555555,0.0,31,8,31999
1.0,69,0.004178039729595184,0.05,2.0,128,9,35999
