Epret,Eplen,LossPi,Epsilon,TestEpRet,TestEpLen,Epoch,Total_Steps
1.0,91,0.004619365092366934,0.25,0.0,27,1,3999
0.0,31,0.006253483239561319,0.16666666666666666,0.0,30,2,7999
0.0,31,0.050478413701057434,0.125,0.0,29,3,11999
0.0,31,0.029897227883338928,0.1,0.0,33,4,15999
0.0,31,0.021003149449825287,0.08333333333333333,0.0,29,5,19999
0.0,28,0.023968324065208435,0.07142857142857142,0.0,30,6,23999
1.0,70,0.02510845847427845,0.0625,0.0,32,7,27999
0.0,33,0.014550181105732918,0.05555555555555555,0.0,31,8,31999
1.0,70,0.01780688390135765,0.05,2.0,142,9,35999
